resource_state,athlete,name,distance,moving_time,elapsed_time,total_elevation_gain,type,sport_type,workout_type,id,start_date,start_date_local,timezone,utc_offset,location_city,location_state,location_country,achievement_count,kudos_count,comment_count,athlete_count,photo_count,map,trainer,commute,manual,private,visibility,flagged,gear_id,start_latlng,end_latlng,average_speed,max_speed,has_heartrate,average_heartrate,max_heartrate,heartrate_opt_out,display_hide_heartrate_option,elev_high,elev_low,upload_id,upload_id_str,external_id,from_accepted_tag,pr_count,total_photo_count,has_kudoed,average_cadence,average_watts,max_watts,weighted_average_watts,device_watts,kilojoules
2,"{'id': 54565248, 'resource_state': 1}",Ochtendloop,4044.9,1449,1459,20.0,Run,Run,,16102124980,2025-10-11 06:56:15+00:00,2025-10-11T08:56:15Z,(GMT+01:00) Europe/Amsterdam,7200.0,,,,0,11,0,1,0,"{'id': 'a16102124980', 'summary_polyline': 'uwpxHaduSD?xAjAVLx@p@fAt@LNVd@Nb@Hd@ZpAJr@Bb@ZpCH`@Hp@FR@`@Cz@Gl@Ol@]dAs@rAWn@{@hBIL[Z_@VWHQ@k@Ak@Ik@Sg@g@Oa@Ye@IAIDo@r@i@\\E?OHEJ?FFt@Lh@PtARt@Dd@Pp@@FCPIJKBo@Gm@MMKg@CKGsAQYGSCYIM?YGmAWM@o@GYKg@GMG_@Ak@REAI@[Ei@_@m@k@GIUm@Os@Wk@Oi@MSGYk@_ECe@ScAU}@c@aDImAMiDM_AOs@}@aC[eBI}@Ks@c@kBUwAS_@u@gDE_@Eu@GmBI{@GqBOeASo@E]Ok@Gg@u@kDEm@k@sAOw@K]C]Ai@BOFIv@Yd@i@^Wz@_AHEPFHGDSFK^AJIF?\\d@DPOa@QSI?@JPTVr@`@vAn@bBlAfEr@pBJb@`AlCnAjEt@vBXhAz@fC`@zAh@~AJ^h@vA`AxCHIFU^s@lAgBf@c@dA}Af@_@HMN_@FGTTP\\NPPZd@h@THRTTJJNLFJJJNJHXXl@Zh@f@', 'resource_state': 2}",False,False,False,False,everyone,False,g20684238,"[51.372911, 3.390254]","[51.373072, 3.390388]",2.792,3.52,True,151.1,169.0,False,True,18.0,1.6,17185068113,17185068113,garmin_ping_489657976905,False,0,0,False,87.1,346.6,471.0,346.0,True,504.6
2,"{'id': 54565248, 'resource_state': 1}",Namiddagloop,6523.6,2238,2238,7.0,Run,Run,,16075563879,2025-10-08 14:35:05+00:00,2025-10-08T16:35:05Z,(GMT+01:00) Europe/Brussels,7200.0,,,,2,14,0,1,0,"{'id': 'a16075563879', 'summary_polyline': 'imovHak~ZBIK}BFe@H[NYr@{@f@u@z@cAn@_AJKD]DKf@Un@a@HCHFHR\\pB@\\RbBJzDZlCN`AFx@JtEEpA?~BB~BLdDDxBLzCBfB@~DFbFE`EFj@DDHANOd@YxAiAf@YNO~BcBDAb@Yj@e@d@YXWjBiAZ[|AeAr@m@~AaAf@a@LG~@s@NQb@Yz@c@PO|Ay@NOj@YFINg@n@wAn@gAfBk@`AS\\Qn@KRKj@Qz@M~@QXAHCfAOd@@^Oh@Eh@KVANI^@TC^KN?^ITABCLSF]ZeAL}@n@aCJo@ZeAHg@LsBBuGDYLULI`A[hAo@t@Y\\QPEFKIy@SyDA{B@w@Dg@TkBTiARm@t@{AL]b@wBFaAAmAWsBm@wBSe@o@y@IQw@cAe@eAOUOCg@Hu@Da@De@AOEIEa@c@I?QJe@Lq@H]JWLK?m@Li@TkB`@UHi@HkAb@cARkDbBUBK?y@]_AU]SCCWaAQSgA}@U[ISg@w@a@mAI]S[UKUCOGw@EaASc@DYE{@g@c@_@}@c@EEu@a@CEQG}A_Ao@]O@OLS`AUr@i@zBUh@i@dBMJIAc@K_@Su@UECQICE_@Sa@i@w@o@uAcBUOUAOHSVK`@AzDGtBGbAGnBg@nGO`AC^Az@Br@GlAMt@Ur@Wn@c@j@e@\\CDCPB|@J~@ADKT@DN@HFDNj@pGJv@Pj@@PENIHsAp@Gh@GJUNOP_AvAY\\s@fAk@r@ENEn@HrD', 'resource_state': 2}",False,False,False,False,everyone,False,g20684238,"[51.038457, 4.584334]","[51.038419, 4.584056]",2.915,3.62,True,153.4,163.0,False,True,10.0,5.2,17158262764,17158262764,garmin_ping_488717130975,False,0,0,False,85.4,359.3,421.0,358.0,True,804.0
2,"{'id': 54565248, 'resource_state': 1}",Namiddagloop,16013.0,5250,5322,127.0,Run,Run,,16041972407,2025-10-05 12:07:20+00:00,2025-10-05T14:07:20Z,(GMT+01:00) Europe/Brussels,7200.0,,,,15,14,0,1,0,"{'id': 'a16041972407', 'summary_polyline': 'u{_uHo_kZsAkBa@kAk@uC[s@YUa@u@q@iCc@o@mAyCq@mBu@mA_AqBiAwCk@cDUo@G{@yCiH_C{GgBoE{@mCqDcJuBgG_AiCw@eBi@iB}BeG_AsCWe@[gAk@oA[iAwBsFuAcEiCaHmAyDe@eAWcAo@sAc@oA]yAgAeCiBwGe@yB_AuCWoAi@_Bg@qBo@sBYoAyAqFWqAiAyDg@oAW{AQe@{A{B_@YcAkA[e@w@u@sDyE{AyAgA{AuGmHwAkBeBiBUe@w@s@y@eA]WsBoC]EUHMPQh@MJIASQi@MeBw@yAy@{Ag@kEqBmBgAm@Ui@c@sA}BuB}Dy@qAUg@aD_G{AcC}@kB}CiFQQQ@YPs@|@SIQi@?MMe@[w@c@u@oEoEoC_EQc@Ky@F}FWaCeA}Du@qBuBwDa@a@o@]w@CcANa@PWZ[f@W`AMxA?VHlAj@vDFjDMnCs@xFOtBUhH?jBRjJ^tFFhBNfBX~Ah@fBdBjE~@`DbA`Cj@lBxFrOpAdETb@bDxIrAdE\\t@h@nBXf@^nANVbApCPv@h@vDp@xCnAjI`@xANhAZx@`@f@b@zAHbBX\\Hj@HNRTp@XtCHZC@c@S]IWBUCi@WcABWHId@yAj@kArAoAj@y@ZWl@iAPCn@r@b@r@`AdA?Po@jBJf@PXp@f@f@PLNPb@bAn@rAbBl@ZdA~@v@\\^`@t@jAxAz@`@`@f@VrApANAT_@JE|AdAb@LZAd@Sn@k@`@i@\\o@V`@\\@VGpCiDnBaBtAaBjAcAT]xAyAPEPTlBtFx@zCP\\`DrJdAnDlAlDrBvGf@R~DBFJ@^Tx@Dh@BrCLxCAtAG@OLPSDLBrAXhBL|AA`CmACaAQU@IDKR[~@^tAVdB^lE`@`E`AlGZlApA|FRjAVjA`AbCr@lCr@nD@d@Nx@Eh@IjHBbB?xDEz@A`BBnAMbDB^IlC@rBC\\AxB?nAC|@@`EGxBFVRD|EmBhBe@~D{APObCo@rBaAp@OzAm@pGDrDOfCBbAGdG?hICRG@Yg@w@e@e@a@{@a@qCWy@aAoAs@iCoAaCmBaFi@q@i@aAWaAaAgC]{AKy@]mAEe@Kc@}BiGCAAH~BbGl@fCj@dDdAdCZbAjBfD^rAdAdCz@tAr@hCn@x@R^XbBLb@z@n@hArB', 'resource_state': 2}",False,False,False,False,everyone,False,g20684238,"[50.794998, 4.485208]","[50.795006, 4.485438]",3.05,4.54,True,166.0,186.0,False,True,130.4,64.0,17124299627,17124299627,garmin_ping_487609760087,False,11,0,False,85.6,391.0,580.0,396.0,True,2053.0
2,"{'id': 54565248, 'resource_state': 1}",Avondloop,8069.6,2371,2371,4.0,Run,Run,,16000509899,2025-10-01 16:18:48+00:00,2025-10-01T18:18:48Z,(GMT+01:00) Europe/Brussels,7200.0,,,,2,13,1,1,0,"{'id': 'a16000509899', 'summary_polyline': 'omovHqo~ZFk@p@{@tAsBNMVc@^c@^k@Da@JINGNCv@c@HHDLRfAFb@J`@NfBB`APzCXdCJl@HlA@`BBl@EhA@rBAZ?pAR`I?XFr@HdDD`DA`CJ`DAl@BdFP~AJr@n@vFLr@d@~D?d@Df@H`@@n@Db@DhBAZ@~@E~Ci@zE_@pCQxB{@rGElAHbCFjAEf@SpAGZWtBa@bCGr@CHW`BSlBIhB?d@EnAA~@Ev@?fAHd@HJJ@r@KfAWR?b@I^Br@KRDb@APDb@APBd@EPDJ?b@KD@r@Kb@M`ASD@z@QF?XMx@gANIz@aA\\g@|@eANU^a@fC_DTSz@aA`CgCf@u@NOZc@TSJGb@EVMLOFAJDFLZzAVn@\\nAd@nAPn@pAtDV~@`DvJLj@tAbEBPEN}@pAYt@oAhBoA`Cq@x@[f@EBc@r@QNYf@KDc@Fw@\\s@PG?ULWDQHYBKAOQQ[KUIKQKWGs@VSNSDUNGAa@XSHIJOj@Cf@Df@Rh@HLXH\\EbAc@fAk@D?JJL@LEHKP{@Di@EwAGy@EQWGc@Be@LEAWLk@L[NYFUPQB_@ZQFk@\\I@QOOWKo@Yu@GK_@]U[c@[IA_@@QDWGI@cB\\}@Hg@NSBi@J_@Pa@Ja@P[HSJUDYJeBXe@LQHYDWLKECSA_@Ee@A_@U{BG_@OuAQkCWaBUkCEuEJgFAc@FgA@}@Dq@p@kFl@mDLiAJk@PwAB_@EuAOwBBc@Z}BBg@\\{BNiBXmBDi@`@wDJwAF{ACs@A}BGgCMeAm@gE_@uDa@gCI_BOeA?c@Fu@@k@ImC?_AAGEGIGe@GEEe@GEEKAWCQIe@GSGg@GQGWEQGs@ISIm@GEBEAMECo@?u@KiCB]E{@AgACa@?uAG}@B_@E}AEi@BgAMyACyCIsE', 'resource_state': 2}",False,False,False,False,everyone,False,g20684238,"[51.038481, 4.585052]","[51.038391, 4.583526]",3.403,5.26,True,173.1,188.0,False,True,8.2,2.2,17082259103,17082259103,garmin_ping_486253810669,False,1,0,False,86.6,422.9,580.0,422.0,True,1002.1
2,"{'id': 54565248, 'resource_state': 1}",Middagloop,30008.0,10392,11110,49.0,Run,Run,,15965291154,2025-09-28 10:32:57+00:00,2025-09-28T12:32:57Z,(GMT+01:00) Europe/Brussels,7200.0,,,,3,20,1,2,0,"{'id': 'a15965291154', 'summary_polyline': '}slxHgj`ScAw@e@mBm@cEw@iCaC}PHy@VUzAGn@k@RzAbANZ`@^JxERtBb@dC?zDn@tDJxDv@`FFfJ~@P]p@QDq@QkDNqFrA}Bl@iCFcBn@{D@aF^uCj@{@KDvBiCbAoBlBsBt@cEXoDH_DAeIm@mFd@y]d@sEbCsKRaDAkGImBRw@rCS~Bl@fVhP|C}@jOsD~FvAtGhCnC^bAv@TSTmBnADp@wAxB|ATEr@{@`C[LJPdAhA|BNK~@wCHbAPZ~EzDfC]zGv@fAw@|CM\\h@ZzCKdGRzCb@~C`@l@n@T`B`B\\J~BmGp@kD`AuAhFcP|@mATeARwEKuBqDgJGq@xTuRE_@FQbHkGjDgGhGsP|@aBzAoBnUuP~DmBrDeAB_@o@yNDiHc@wM?gDiAsDqBsI@oFWsEeCkIQyBiA{H_CuFqBmDaAsCWgC\\eE@iAaAaGy@eCoA{AUi@SiC[_AaAcA[o@a@_Ey@kCSeBq@mC{BwBwAuB}AsCcAyCcA{DsCkNq@eBDc@lA}BdJgLjGmJ|JcQpBgFj@O?}ASoBToGPiWJ}BKsB`Ac@D]k@qBiBiCmB{BaFkEe@iCg@wA_AaHOqBUAk@h@}BvDKp@]r@W@gBeBwAu@gAyAs@M}@qAsCyBy@iAsJcIqBwCgBkBqA]eDwFiAiDeG`AOh@?~@x@zPKZ_B|@sB~CIzA^pCDpAXjAAh@}D~JaEbMi@hAcJrLyQhK_@`AcAbAg@fAqB`B{AdBoB`D{H|NiDjFiDpGgCfDgDzBo@jB]jBgAbCYxCq@pAmDuK}AsAY?oAu@oAuAw|@cxA[OkAtAgGfI{C`F{CzDH|@m@xAXXn@s@xAoCpA_@`@\\jA|B`EpGb@TJfAdFhNdA`D\\`BfElLZnBUzAyB`ByEfCiCzBcNxI_ATyLr@gCGoBb@i@f@[z@MfBsB~ImLf`@cDbFKl@FjAKXi@^uErF`Cf^@tCRfC_@fBXpFOhAy@nAmAv@iJg@q@N[bALdHE~@yAFm@~A_@~Am@EcJgHy@cAqDuT@iGUQOTQdBAzDrAhIhA~HTzCvDbV|@pInF|]HnAObBFp@hCvOjBbNxA~Ov@fM`@fQPdDpAtLpC`RvD~UbDbQlAbFZlClAjG|AxNVpEJxFZzDf@tCjBfNfA~Iz@pId@xBz@|Gz@fEnAtDp@dDh@bApBtAl@KXLFmAEwAc@a@o@|@k@^?`@z@R', 'resource_state': 2}",False,False,False,False,everyone,False,g20684238,"[51.351835, 3.283722]","[51.351261, 3.283661]",2.888,3.8,True,174.1,186.0,False,True,14.0,1.8,17046516943,17046516943,garmin_ping_485122555534,False,0,0,False,85.4,356.1,529.0,349.0,True,3696.0
2,"{'id': 54565248, 'resource_state': 1}",Namiddagloop,6017.3,2016,2094,7.0,Run,Run,,15900053409,2025-09-22 15:56:14+00:00,2025-09-22T17:56:14Z,(GMT+01:00) Europe/Brussels,7200.0,,,,4,13,0,1,0,"{'id': 'a15900053409', 'summary_polyline': 'almvHycxZW_CA]CKOOGQMA_@Nw@P]Na@JS@GEi@}@QUMGUAMBOH{@d@MDE?OJE?[NC@GFSb@G\\?XFt@PZTNXB`By@x@YHGTWJYDg@Ce@CUEKUYYKMAKBi@Z]JYPm@TUPWl@Ch@Df@L^RVXFHAd@QZQ\\Kh@YD?VMLODMJg@@O?k@ESM[USYCOBc@R]RSHABw@ZWRUl@Ap@B^L^TTJ@N?VGdCgARMJQJ[DW?WEg@K[IOKIWIWDs@b@IBMHcA^MJSZG`@?x@Jb@PZNDRBXIRKNEj@[v@[NINYLo@@WAg@GU]_@GC[CODw@^WJmAn@Q\\Mn@FbAFRJNVNN@NC`CmAXIJKN[F]Bi@Eg@QYOM[Gi@Ny@b@M@GFQDm@\\KPG^Et@Fd@HRLPVNXEVOlAe@v@_@T[HWFW@WCi@EWIQ]S[AODkAl@w@Z]TINId@Ah@Dj@P`@\\PF@DCH?^U`Bm@NGVUP[F]BYAg@Qk@KMYKQ?_@No@^u@TWL]XOh@AZ@ZBZN^LNNFNBNCNGPM@ETIJAHIZMNKd@QT_@F]F[Cc@Mm@GKOIYEQ@m@ZUJm@\\MFI?ULMLSd@CX@f@Jn@HNVPN@NADCFAzAy@VGLGVOTa@FWB]CM?]Ys@]Ma@HUNOBUNm@R]PG@GDMPOl@Cf@@ZFRL^LJXFN?j@]f@S^SF?NGVOJORi@BY?i@I]GQKMWOQ?]JUNWJOLAAGBUR]LWPU`@EPAp@F^N`@JNNHZGVKFAz@c@`Ac@V[L_@BWAq@EUGQIMMKOEO?o@VgAp@WD]PMLIPGVCXBf@Hb@@@@CBPFFDB@CLH^@XMJIp@U^SNCb@[Ne@FYAy@CQ[g@OGWASLODm@Xw@Xg@\\OXG^Al@Hh@FNVVd@BXKTONETOD?LKVIb@WR_@DOD_AIi@ISSQ[GKBa@Ta@Lw@`@E?ULE?IJU^Gj@Bl@Nh@FJVPJ@XETMl@STMDA^YPEVWFMNgAFMNNJBHAl@SFKJIZDHCLAXHb@AJH@HH|@', 'resource_state': 2}",False,False,False,False,everyone,False,g20684238,"[51.028011, 4.552457]","[51.028072, 4.552934]",2.985,5.12,True,151.8,177.0,False,True,9.8,6.8,16979744367,16979744367,garmin_ping_483067100202,False,2,0,False,83.0,363.2,702.0,405.0,True,717.5
2,"{'id': 54565248, 'resource_state': 1}",Namiddagloop,16590.7,5590,5654,17.0,Run,Run,,15866574309,2025-09-19 14:31:43+00:00,2025-09-19T16:31:43Z,(GMT+01:00) Europe/Brussels,7200.0,,,,2,12,0,1,0,"{'id': 'a15866574309', 'summary_polyline': 'emovHkj~ZGgA@yAFm@hEeGXWHO@YDI^M|@m@NRt@hEF`DHrAh@tEHjAD|CAlGd@fQFxEDfGCtD@dAlCdTRrDDjFEpAu@zHm@vEu@fFGp@RbFAf@kA~H[lCc@bCK|A?pBKxBAdCFf@h@Dv@UrCSnFH`BUj@YnCg@`AqAnEkFNAj@hDHtAEbAFbA@fD[xA?vEHnAb@nDDx@TvBNJpAm@hCo@JFHRTrBLXH@fBc@hAe@t@M^a@bAgB`@g@bEaHx@qAZ[F]y@{CeAkCqBaHaBsEcAmD_AmC[gAIq@W?c@Zi@BUP}AxB_BdBSJwExFPfBT~@J|AEfAF|EAX]hADfAAtB~@fLNj@R?bAg@bG}AHGLa@Fw@YoDCy@Ga@s@CK]uB?UKQk@YeBCu@BsCKy@_@g@aAS[[MFCXFbFCj@WlABlEz@rKHb@JJJAdAg@nEiAr@Wh@u@fAQz@]HFBNH~CDLN?XWzE{HfCoEJILPn@hB|C~JpElN~@hCv@bDTzARl@`@fBANc@b@w@b@EJBd@Tn@ETk@d@qATe@TyAhByDvDqCdD[v@sCzFe@hAeBlDaHtO_@l@gBr@aAhA{DlB_Bj@yNlGKAEKIoBo@yFCi@Kk@c@oDBYn@Q`@Vh@l@RHXIFWCmAIw@I][sCFMb@GBa@KKg@HKOEYHe@WcAGeAR]r@JNLDRGXDOA[DKNGTRLxBEXQ^]N?b@JJ~@Dl@]j@k@dAUHQU_AA{@BgCC{CHg@DK@OGe@HIn@DZM|@yAvAqAr@c@bB{AJWEeDUgCGkBa@oDeAoG?]X@lBf@JA^s@BQ?W[yBDW~EiCFSHiAb@_A|Bk@zA?p@]tA{BpBkDvDaGEm@g@oAWcAu@oB}BsHmA_DmAiE_@}@_A}CMyCJY|BsC|@cAd@e@dAkAb@FjFjDTDL?r@u@r@g@P_@AMgAwEs@eCo@aEQoK?cBKaDD}E]aFq@cECi@NyBv@qG\\gAf@kAf@wA@SCQKOaBeAiAe@iCi@uAh@_CnBmAz@K@W_@y@_Cs@wA_@yAMuAIOmGzD_G|D[u@UO@y@Ii@Wu@_@c@c@q@m@sAMe@aCbCiFtEo@r@_Ar@Yb@q@j@IQCw@KmGBw@GmAMyEE_C?aIIiAAu@o@sFQuCCaB{@aFOKe@`@i@RMn@aCfDeBvBITCj@FnC', 'resource_state': 2}",False,False,False,False,everyone,False,g20684238,"[51.038437, 4.584221]","[51.03842, 4.584228]",2.968,3.84,True,174.0,192.0,False,True,11.2,4.2,16945279526,16945279526,garmin_ping_482011729556,False,0,0,False,84.2,371.7,479.0,371.0,True,2078.8
2,"{'id': 54565248, 'resource_state': 1}",Avondloop,8510.4,3027,3192,64.0,Run,Run,,15845765228,2025-09-17 17:23:05+00:00,2025-09-17T19:23:05Z,(GMT+01:00) Europe/Brussels,7200.0,,,,1,14,0,1,0,"{'id': 'a15845765228', 'summary_polyline': 'w}{tH{usZLVD^Zl@Nh@`@`A@HU\\ABBLR^HZVh@j@hARh@R\\HVEPU^]b@]n@E@qAxBQTEBSTCL?RLz@n@tBR|@v@pCVp@d@nBPb@?TK^MLM?GC[]IBKHe@v@Kf@IP{@zAILQJWVI@OMy@oBU[Y{@GEI?MG]q@IEKDg@n@[r@KFE@GG[k@Sk@Wi@CEICMBSP}@vAaAlA]j@MJOBOECGCQGCQBMLE?IFG@CCQBIAM@ECw@@ECw@AOCSBECk@Ae@Oi@]m@u@GEQWUi@o@oAESs@cBOg@Ui@s@qBm@}BQaAIYUaBKmAQ{DIcAAo@ImAC_AUwC?IEeA?gAAoAE]EyAIqAK_BCKU}BKgBSaAMa@Uk@AGk@kAOS[w@}@wACMQYYa@GS]_@KOW[Yc@Q[k@_Bq@yA_@o@K[]g@QOO]Y}@w@mB[eAG_@OgBCy@Oy@CY@YGi@QeA?IK[?II[?KK[SwAMm@UoBa@aC?IKo@CsBC]OqGD_C?{AWmBY{Ak@cC[{@UYm@a@KOwDqDe@gAm@cA_@{@{@sAUk@U_Ba@}A]yBKc@ME[@OCg@JGCCEAGFeAA}@]oCY}@GKKEs@FgBXO?k@IEBu@KMG]a@MYU[EO?IHGb@ML?TIZAp@UPA^OB?l@WLIPOfBy@VQTGZW`@Ql@_@z@o@XYh@}@DAXa@ZWXYDC\\YZSZWd@QRC~@[t@QHEp@I`@S^]ZSh@m@n@gAx@iBhA}Bd@iAJOj@qAb@sBH}@DqB@GHCXV^n@BHNPj@fANV^fBRlBPv@FHJD~@?F@\\Hd@NNNPFJNj@~Av@bB^lAh@z@v@x@RJLNb@P|AlATHHFLXLRh@^LBPGXUVMH@BDf@nAPn@j@hAHZFHXx@f@jARn@n@pAPl@j@hAj@`Bn@vAxBtFb@~@x@xBXf@j@nAfDnIb@|@jAzC^p@dA`C\\|@H\\Vt@PXVr@l@xA@Hb@~@HT~@lBX|@dAdCbApCZt@NTr@jBFHj@xAJv@JJD?FKH?JTH\\NZFTPlCAPIVPvBVtAPj@BNCVGNc@\\c@j@UX@tAQr@?j@RpBFXx@lAv@`ADNELs@t@s@^k@NIRy@~@', 'resource_state': 2}",False,False,False,False,everyone,False,g20684238,"[50.774845, 4.529746]","[50.77274, 4.534893]",2.811,3.94,True,142.0,177.0,False,True,115.0,49.2,16923951831,16923951831,garmin_ping_481344535015,False,0,0,False,82.9,352.0,619.0,348.0,True,1066.8
2,"{'id': 54565248, 'resource_state': 1}",Namiddagloop,25031.2,8175,8187,26.0,Run,Run,,15787509789,2025-09-12 13:45:08+00:00,2025-09-12T15:45:08Z,(GMT+01:00) Europe/Brussels,7200.0,,,,1,23,0,1,0,"{'id': 'a15787509789', 'summary_polyline': '{lovHij~ZKaCHqAdFiHJi@`B_AA_@u@qFBONEFYT?rAfARb@bKnLrAvBdAjCbAlB~HvKt@l@hJ`DpA~@bAnAvAu@zEwA|K}ArQgBzDo@F]C_@yCuYa@{HHgDXgCXeApAwCb@gCDoBc@mCi@sB}BgDy@cBWgBKkFeCoPc@}BASFOdBb@`CDvEqCrCo@lAcBP@rZpGjIj@dFn@dBjBfFpHH?^c@|@cG~@rAvAiCxE}EnIkFlFwBhDsBNL^bBvBtFzCo@`EMNc@d@aDt@aC`@i@`@Y~BcAbA}@T_@PuALyDCv@LRzDeA~B]rAq@tBsBLH`CfIdBbDd@`B`@NtBwAXCTXVtAd@bAj@p@zAz@V^MhADbARbAiCnBq@~AcAzDMRW?}@s@u@EqBnAiDLkEfAs@b@gAfAyAlDqBfC[hA@vAHf@h@bAdAlAH`@IT{AnA}@lA_@hABdA^z@vBlAp@jADdAo@pE?xBVv@\\j@vB~B^zAJtA@fAMzBm@rA}@rDo@jDIvALnA^hAt@v@hBhATz@TzI@tCKjDWhD}AvGKnAL~@t@rATz@TxEx@fIBbCWdCq@xBa@xBYvHUxB_BxBu@rEWV_CbAkA~@q@~@[nAMbBCpDb@xFBvCL~@d@pAH|@oB|FcAzEc@nDg@xB{AnIgCfMeA`EAxAPvBpApIxB~Ob@`FCpAwAdNcAlC_I`O{BlIqBzFy@zFWXiA^aAjAMfBB`BIxAqAvAg@x@wBfI{BrFKf@AfBh@xCF|@GtCQhAi@bAk@f@aCb@}@d@iAtCw@hG{@xEY`Aa@r@QpACdBs@bEGhDPbKYnEe@dCm@rAYNkDTkBh@m@h@i@rAS`BRvFQx@_AbCqAnCuCtE_FtDeAfAs@lAe@bB_@A}BaC{I}HuGsIsHaH}CaCqAlAs@bAoAjDEXA|@~@dDB^m@hLu@hGB`Ah@xBC|@{ApBWx@ML{@`@q@EiCx@aBz@USYgCa@sBs@oCgBcJiIe_@o@eCsAuCmBcBcASuACiFrDODKUUoEa@uEAuA_@qGAiIOyC?yBJ_C`AqHL{BCeCe@_Ih@gNCoQ[}MP}DA_CWiFs@eIoAoKgBkKW_Ca@oKqAmPa@sNLwHH_CRkB@gASiDgBsQG}G\\_LdCuPDaAQcDDyApA{JbAsLGgIYiDaCsSCwOm@qWDsFG{Cy@cIS_Fw@kEMCmAt@Uv@m@h@wDpFId@?v@\\pNSiH', 'resource_state': 2}",False,False,False,False,everyone,False,g25897197,"[51.038385, 4.584216]","[51.038422, 4.583784]",3.062,4.18,True,172.0,185.0,False,True,11.2,3.4,16863323125,16863323125,garmin_ping_479544662922,False,0,0,False,84.1,387.9,539.0,389.0,True,3171.4
2,"{'id': 54565248, 'resource_state': 1}",Avondintervallen,7015.7,2243,2243,5.0,Run,Run,,15766923500,2025-09-10 17:28:00+00:00,2025-09-10T19:28:00Z,(GMT+01:00) Europe/Brussels,7200.0,,,,3,12,0,1,0,"{'id': 'a15766923500', 'summary_polyline': 'emovHck~ZGsCLe@POd@w@RYDAJWPQ`@o@f@k@LW\\c@DOBUBEt@]\\WFCJ@DFBLn@|DD\\L~DN~AXtBLjBFjDIdB@tADb@@~ALxENjFB`@DjBAb@@h@E|@@`CBnAAXB`@CpB@pBDh@RxAHp@Lp@JvAPfAJbAH\\LtAVxAFnAL`BAPFbEAx@GvA]`DAj@[bCUzAIfAQbAo@hF?l@DdALtAApA_@jC[bBg@jDGl@[lBIv@WbKF~@HTF@L?~@U`C[`AC^@VDTATDlAIf@Ih@Aj@Kl@UJ?TG\\Aj@MVGJIR]f@g@n@y@\\Y`@c@dAqADA`@e@|@gAZe@n@s@RQl@}@\\[l@u@`AcAT]Ra@HKp@k@d@An@YJKDQ?w@FSLYx@y@|@mAh@g@nBiCLEF?TH^ZtAv@n@f@LDPNLFh@\\RCHEl@m@d@_@HCJMBK?KWaAKWQaAQi@OcA]kAm@sDEi@IkFGuAEoDKuBF{DC{AYuDAa@m@mDCUAa@Do@T{AF_AFa@?c@R{AN{@~@_Cd@aA@]ESUUw@i@w@_@w@WoAWk@KG?QDe@XWF[Rq@l@IDKJm@^OR]TMPEBEAGI}@mCo@eAWo@WeAQqAEk@YcBYqA_@mAUc@[a@GWMOKEqAa@_@OiAWu@]e@a@]k@USWa@W[iAaBi@q@AG]a@e@u@_@_@mAuBWq@a@w@Uq@OU_@w@c@m@IGYc@SOcBqBo@o@o@}@SMSWQOCIcAkAQYYWGKe@a@O@OICRQJEL?ZJbAThBRz@APMLUN]LYNGJG`@[VYX{AxBy@~AQNINGPATFdE', 'resource_state': 2}",False,False,False,False,everyone,False,g25897197,"[51.03843, 4.584341]","[51.038426, 4.584038]",3.128,5.36,True,162.5,194.0,False,True,9.0,4.8,16841527954,16841527954,garmin_ping_478869922714,False,3,0,False,82.4,385.5,672.0,416.0,True,862.2
2,"{'id': 54565248, 'resource_state': 1}",Ochtendloop,5290.1,1701,1701,27.0,Run,Run,,15736780917,2025-09-08 06:06:44+00:00,2025-09-08T09:06:44Z,(GMT+02:00) Europe/Athens,10800.0,,,,0,11,0,2,0,"{'id': 'a15736780917', 'summary_polyline': '_dxwEolqqCOBSNYDSHMPKj@N^DNl@dBNVVRJBl@ZN\\Jl@@THt@Pz@LzANd@H~@l@xE?\\Hz@Lz@AZHd@T`@HHNHPBv@EvB_@H?PDHP|@lANLNT`@VLVt@~@f@h@b@p@r@x@\\d@f@j@T\\f@l@J\\Hd@FZJ@HER]NMC?MFi@WMK_@i@KIKUQOS[SQo@}@[Yu@}@QYQOKUc@c@OW_@WaB{BIGOGI@aAP[N}@Hi@K]c@M_@E_@Mg@A[Mu@C[BWCSWeBMsAGYOgBAIIMGy@SwAKsAK[GGs@_@OGUOM[IY_AiCc@w@[y@?MFe@Pa@BSDEJGPC`@SDAlAo@TEn@LV?PBHAP?dAURMPEZUNUPq@Fc@DaAHs@Cc@KMSDYDYA]J]DK?MCUa@][CKg@e@q@_@_@QEEOIQWG[Ec@C{@Gi@?]Da@HSJMDMFsA?qALiA@U?q@Ek@BMNKLCp@AJBFFBD?j@E|@DR@~@LXZD\\?NCH@PCN@NJTXHD\\d@l@l@Zf@PLPZBJ@l@N`ABlAAl@Ev@?p@BJNFj@FRHj@Hl@DtAT\\BnARPH\\Bb@VHLNDRTNd@ZbBNtA?d@Fd@Lp@Hr@?t@RlBI~@ER[R}@R_@DGBeC^SFc@Fm@RUGCMK{@IuA[eCGSIEHA|@a@^M\\@PA@CDW?UKwA[g@k@c@[]EMCMHo@IOCCu@G_@KE@ICe@O]C', 'resource_state': 2}",False,False,False,False,everyone,False,g20684238,"[35.518248, 24.014964]","[35.516162, 24.017066]",3.11,4.74,True,159.6,182.0,False,True,8.0,-5.8,16809750471,16809750471,garmin_ping_477986925266,False,0,0,False,84.9,387.8,544.0,389.0,True,659.6
2,"{'id': 54565248, 'resource_state': 1}",Nachtloop,41977.7,3596,3596,31.6,Run,Run,,16096168239,2025-08-30 00:00:00+00:00,2025-08-30T02:00:00Z,(GMT+01:00) Europe/Brussels,7200.0,,,,0,0,0,4,0,"{'id': 'a16096168239', 'summary_polyline': 'y~owHeqsR{@eGMiBWgAcFoJsDcEyBaDo@yA?s@He@lBsB~D{G|FhJn@pBdBfDRP`@GxAcBxEqDbAmA~BkElA_BhIwIp@aBo@g@uBoDu@s@yHsPk@y@qAq@e@Rq@xBc@rD{@v@_Bd@cGaFkBvDaEtGuDrDOQsBsHeAsCfBiDlB_E|FiF`GsFR_@JwAwAqB_IsGqFeGkH_AgFv@i@E[]kDbBkAPmBx@eJvEe@HoQ|MeEfE_EdDqArBkAfCoAqBe@_BYiBr@k@kAoDgkAarCqBeD{sAkcBiIyK}EiJfCqGo@y@_@_AaDpD{FxIkFvE{NlJsF`CkFjDaRpNlAhGnBvHvA|DxCxJ|EvVjCbHhA|AUhAoI{IS\\hNlN]xPTbEhB~GnBbFp@fDjBpGrCrEl@fExIxH|E|Cn@n@\\nA`Dfh@jBn@ZtATdEMjJLpFE~D~AlG\\rE@pBfTi@nQiCrHi@bKuCrH@rDv@rG~B`DvBnChCxRzKnD|@xEVxKWvHmAdCnBbBlBnBPdBUjHrBt@K`AiTz@oDz@pClCfBbD~@pCtAjCfCtEe@nDgAbElA`CIvCcA|@~Bt@xCtDpR`@x@ElB}A~Ei@dDlA~Ct@cAj@t@~CwArAyB`ByD`DdItE~E~BlD`DpKh@v@jA@hEgAf@VrDrDzDbAlCLnE`A^xEjApDvEkEfOaG\\|@rAhBt@d@fB`@TXjHfC`R~IhGnArHtCjIhClLfBvKvC|Fr@xDhAgGnJuB\\kAe@FlC`@~@vMjHxHpDhBzB|DpA~NxJhTvLZe@qHoc@_@gT{BgOcBqAkHHiJrBkElC{DjBuFXuAUBiXtBIVzCTh@n@LbBmA`DcAzGiGxBsDdBsDvFcSmAiAmAmBm@cCsCzBgBvBcAzB}@hDaCpEkBvBgCrB}DhAmBBDwVOkBW{BmBkHwAkDw@aDsBeM|HoDlPwJMa@A}A^iAjBeBL{@wDsPm@oDaHCyAv@{A~AwClAqDC{B_AsC]sOv@iDf@_@d@vBd[OFwBoZuI[yC`@qKbFq@CuGfJk@xAWhC_A`FcCfFsBfCgHjHm@HMo@zAkFFyCu@iE_AiAiFqBuCsD_DcFq@hAmEkGaCcGqF{J{@Yy@Xe@pAw@fEiAzAcBUgF}DiG|KqE~EYGwA}FsAqEbBiCjBcE`OeNTe@FiAMa@wAaBmJcIsDiEaHy@sGp@o@a@cCtAeBZuMpGe@HkQvMiEjEaEdDwA|BeArCz@v@lDvMxA`AzGrBjDdDjATv@?zGiBzFpAhFuA|@tBz@bD~DnSZJ|BcAnFq@', 'resource_state': 2}",False,False,False,False,everyone,True,g20684238,"[51.20509, 3.218272]","[51.209228, 3.224738]",11.673,13.848,False,,,False,False,13.5,0.9,17179050596,17179050596,garmin_ping_489421450356,False,0,0,False,,,,,,
2,"{'id': 54565248, 'resource_state': 1}",Namiddagloop,21330.9,7524,7616,288.0,Run,Run,,15569776578,2025-08-24 11:01:53+00:00,2025-08-24T13:01:53Z,(GMT+01:00) Europe/Brussels,7200.0,,,,1,19,1,1,0,"{'id': 'a15569776578', 'summary_polyline': '}a|tHq}sZx@lAn@fBTVxAmBdBeDCTd@NrAnDRPhGqKbBjF\\pBZtIJbA\\d@TKl@s@XM\\?b@V^b@dAnB\\jA|B`Cl@v@tA|DRnCBnB@e@XYR?tCn@`HpAbBNhBf@z@lBd@nFNr@fA~Bj@r@dChBbAf@lGzEv@dBr@rDl@pFr@fEFdAd@zCZp@h@RDl@LCh@`@NTMxAHn@J`@zBrEhAlEx@xB\\`Dd@~C~AzGENc@^Sj@wA`Mq@jJiArHXpB^rGFxBEdIJzB|@zEX`AHn@Tj@_@vA]tCDp@EdBd@lGdAhF`BpPN|BZpB^nB|DdNR^Bj@CV]n@mDvC{EtI{E`GwGrD{E|E}GhGgBvBYEWq@}AmHcBqC}@o@e@EuCj@kGnBsA^mAdDFr@O`ABt@GL[VKn@MvBO\\aAh@s@bCIrBJzCE`CDd@Jb@wAvDKh@a@v@mBnHg@zAoAzG_@vAiAlCW`@Sp@YViC`EeCdF}CzES~@_@fA@x@Sf@UlB_@dEXgCC]KDQQS?eEtGqBhEuBrD_AhCeFxXQH]E{C_CCNg@n@B`@Q|Do@Pc@l@s@xAg@tBeDpHEVDb@bCxIf@~By@jBo@rBc@j@iA`A[j@SFU[s@_C}@cEaA_DOaAqEgQj@|AnAzE[uDAkBMwB?qAq@iGVgBfAsDA{@a@cAaBuFH]@QU}@QEDAASo@e@oA_D_DsJsNma@uBsGkBwKwDiSqDsSyDmUqA{Gs@kFkAyFUcB[eAOgBFa@b@gAAi@_D{Dg@Vq@g@u@kBe@iBsAmCi@iBQQYE}BeD}@oEcAqAw@uCeAiBuA{DeBeD}A_EQk@cAsFqE}LAIdB|EJDJc@NQP_@@q@Cn@^j@@x@RTFE@g@KqCQ_Cm@yNQkB@_@]oHIi@EsBKaAGwBQmBOgG]}Ew@{Rk@wIYsI]wGUgCA{Ac@gKm@oJYyIi@mIa@qKiAwQQqF_@wE?o@dAkCdBeDl@o@nBq@hBqAvHcEf@w@dBcD|BqFX]XM`@Ex@RlBItBhB\\NdDD`Jl@nAZhHb@`EaBjBsAv@}@pA_AtDg@pC{@p@_@rAwAhBwAjAQp@DtHnCnAPRQXcA|BaD~E}BPBNb@`@bGV|APV^FvAUdCLdAMzDlUH@JOr@yCbA}C|@cB|AcEHGLJd@pARv@@XTj@xAtCJrA', 'resource_state': 2}",False,False,False,False,everyone,False,g20684238,"[50.775517, 4.53098]","[50.775365, 4.532888]",2.835,4.74,True,168.8,186.0,False,True,123.4,57.2,16629120365,16629120365,garmin_ping_472882006048,False,0,0,False,84.1,367.2,548.0,370.0,True,2761.6
2,"{'id': 54565248, 'resource_state': 1}",Ochtendloop,5146.9,1750,1750,17.0,Run,Run,,15543406300,2025-08-22 05:44:51+00:00,2025-08-22T07:44:51Z,(GMT+01:00) Europe/Brussels,7200.0,,,,3,11,0,1,0,"{'id': 'a15543406300', 'summary_polyline': 'insvH_{vUCCAWgAmBi@mAAM@Gt@iCNc@XgANe@N]j@aAp@_AJWVa@D[CWIW@Yb@aAH[lB_AvAeANe@d@k@R]PMPGPUr@]b@[TGPQt@c@ZIPMrA_@NBHHF\\HJXE^BVAh@Qb@IXAtB[h@Ub@Y^a@\\i@RMJOHEPQd@QROb@MLARIN?NEVAr@OLKPa@fAk@f@e@ZQNSz@m@d@g@n@e@NQjBuAFIB[@c@AOWgAAIDM`@YXG\\Ox@m@p@MRIf@E`@KN?b@KN@l@ID@v@QD@LAJ@j@I\\?RGDBj@GB@RCD@HCN@LCH@XATKB@RID?NIVARIx@Mj@[\\Yf@k@|@yAZ[NWH@p@h@N`@An@EVIT[h@OPoA~@YXy@f@{@b@URk@X]Zo@b@WHk@C_@?UAQB_A?KCc@Du@McAKIES?OKM?KCS@EAA@y@GM?g@DWHc@VOBOJSFWP[XOFKOSm@]m@Qm@OEK?IBQR}@n@_Av@a@XSJuBxAg@d@[TiAh@}@`A[b@e@`@UXULw@Pw@ZOB]Lc@Dk@NwB^k@Ta@Fo@R]Pm@POLc@RQ@O?OEIGEIGu@@YIkA@YEOEGu@DGF?PJp@JpAD~@?ZANIRs@nAOl@Ul@[d@Ob@o@t@KPWVWNQPq@XWRi@PEAK@YJWPSHSRy@Tc@ZSJWROTOZUN_@tAUl@Y~Ae@jB_@jBk@xBOX]ZQXK|@?tARx@Xd@HTHFLTf@p@l@j@^R|@l@', 'resource_state': 2}",False,False,False,False,everyone,False,g20684238,"[51.059095, 3.726725]","[51.059656, 3.725428]",2.941,3.78,True,160.5,181.0,False,True,10.6,5.6,16599734170,16599734170,garmin_ping_472106028990,False,0,0,False,84.7,365.6,478.0,364.0,True,639.5
2,"{'id': 54565248, 'resource_state': 1}",Namiddagloop,11010.5,3535,3581,146.0,Run,Run,0.0,15514074797,2025-08-19 14:58:15+00:00,2025-08-19T16:58:15Z,(GMT+01:00) Europe/Brussels,7200.0,,,,3,12,0,1,0,"{'id': 'a15514074797', 'summary_polyline': 'ya|tHc}sZjBlDHT@TJZIU?YG_@OMg@eAgCcEg@`CEFQBKLk@xCI@QGk@s@gAcAy@wAgAoCCi@I_AKU[qBI_@QoAa@oBMaA_@gB[}BEKE?_AJsBKaADSEm@JMEKYe@uFUeBO_@OEa@JaEjBi@x@[Zo@dAO`@Kp@QNSBsJeDq@Aq@Jk@X_@Xe@j@qAhAIZa@O]\\wBr@aFt@sAlA[b@QFyApAeC|@w@`@uGa@yBc@uDO{D]s@DeACOEq@a@OQg@_@S[MEoBLu@O_@?UFWP]bA[p@Qh@Yh@Un@g@r@M\\i@fAk@bAa@RWXu@Tc@X[Js@^UT[HuAx@ST_@JEJ}@h@a@BOHkAzA[t@a@n@gA|Ba@d@a@La@Zg@R_Av@_DpAKLqAp@g@`@i@X_EbBaAr@_@RWD}@n@y@d@k@TQPw@`@o@d@gAb@kAp@}@r@e@PyBlAWCKSE_@@cAVqEFqC?a@JsBHeDN_BCODYLIjAa@tA[\\Aj@W|Aa@n@KlBc@`@Sl@G`Bk@fBa@TQl@mAhAsCb@}@PIx@Qf@e@Tc@LKh@IhEh@LGBMEa@g@iB?SFOr@Wv@QbAa@\\SnAoAJSp@m@LSd@e@tAoA~@i@v@iApBeAt@m@~@sA^aA`@o@Xy@BS@Ui@oC?WBSPY`@[n@aArAwBPe@`A_B^g@JFFNVz@Lt@pArEjAtCX`BL\\Hj@?n@I|@UpA]lAGh@CnAB|B\\h@n@b@NPh@ZRDNE`DNj@NhBR~A?`ALb@?~@VhBBp@L~AFn@P\\]xBw@z@k@tAmAt@g@V_@l@_@`AW|C]j@O`A_@h@[N@d@xAp@tAh@z@PRdDtFLLTBjAfBLXz@jAj@dA`BfCx@lBl@vBLx@Rd@XjDDdBPlCZ`Gl@pEbAfDh@zAnC`Hd@v@vAnAZLpFL~@c@NJP^\\?r@{@hAgB`@e@t@qA\\c@b@u@h@k@h@w@fBmB~@oAFQCSGKBHJDJE`@m@?IGYi@aAQc@AO\\e@`@gAHMh@m@n@}@D[Em@@]DMTc@AQWk@A_@`@i@DQX]CS_@w@eA{CE_@Ke@e@u@[q@wAwB', 'resource_state': 2}",False,False,False,False,everyone,False,g20684238,"[50.775493, 4.530905]","[50.775723, 4.531237]",3.115,4.7,True,168.8,190.0,False,True,115.4,69.6,16568028121,16568028121,garmin_ping_471220053022,False,3,0,False,84.5,402.3,592.0,404.0,True,1421.2
2,"{'id': 54565248, 'resource_state': 1}",Middagloop,5690.6,1962,1997,6.0,Run,Run,,15408272251,2025-08-10 09:24:33+00:00,2025-08-10T11:24:33Z,(GMT+01:00) Europe/Brussels,7200.0,,,,0,11,0,3,0,"{'id': 'a15408272251', 'summary_polyline': 'e{lxHkf`SYSCG_@YSU[k@I[WoBUqAGQOaAc@oAWmAOg@]aBa@gCc@u@KWm@yBm@iDI]]gC_@qAWmBSi@Ie@U_C?UC_@Km@K_AMa@Ie@OeBYcBGs@I[Go@U_A[oCAW[eCEq@Kk@Ae@YaB?S?FNx@WcCEk@Ii@GeA]{BQaB[_Cc@qBWoBQs@Gi@QgCIy@Ae@UuACu@@c@IcCMkAS_@EKOgAQm@Ic@Ac@YcCGm@Km@OeCGe@Cm@Gi@Ac@YqCAc@Qw@CWMg@U_BOs@?IGa@_@y@EaAIqAMs@Sw@Aa@Kk@Es@GYAWUmAK_@YiCAWQg@EYGcA?c@S_BAc@G[Ce@Ik@?UIi@Ce@Qy@Ca@Mg@ASI]Ec@Qg@A]@SI}@?UIc@EFATFT@XFb@Vv@DX?NEr@@Z`@`CNhAf@pGJfANp@`@~Eb@rCf@hBN^Hd@Vv@L|@ZnABd@^vDPv@JtAPz@DlAHp@@n@T~A@z@DdAVjBT|@DtBN`B\\|AL~@Dn@F\\Fv@PbAFjAX~C`@nCXbBT`CLz@Nf@F^L`B^~CFVDf@RbADf@FTLt@J~@p@jBR^b@rAZt@v@tA\\^HR?RMn@QdCAf@@`CFrBFf@JdBJnCHx@Ln@ZpAb@pCRv@RvAPdBZvBXjALz@XhA~@nGf@dCl@nDZbBD`@`@dCPpA', 'resource_state': 2}",False,False,False,False,everyone,False,g20684238,"[51.352991, 3.283109]","[51.353645, 3.282537]",2.9,6.22,True,145.0,168.0,False,True,4.4,0.0,16454936769,16454936769,garmin_ping_468037478098,False,0,0,False,88.8,357.6,710.0,358.0,True,700.4
2,"{'id': 54565248, 'resource_state': 1}",Namiddagloop,23016.0,7778,7922,33.0,Run,Run,0.0,15389808025,2025-08-08 14:28:46+00:00,2025-08-08T16:28:46Z,(GMT+01:00) Europe/Brussels,7200.0,,,,9,15,0,2,0,"{'id': 'a15389808025', 'summary_polyline': 'mslxHqk`SY?[m@a@c@wAsFe@uAWyA?Yk@uCo@uFWqAM_BQg@OyBYgBMg@A_AmAiJmAuHIiAg@_DUcCEkDS{B?{AEmA[aE_@_DwBoMa@mBWy@WaCoA_GOiAaAiFeBwLKY_@gCm@sCOuAaA_GIgAmA{H_AyIO}CWuNSqFiBwTmAkKiBuKeBwKRyBGiAuDsVkAoH]kEiEkXOuAEyA}C{RCuB\\gDNQHDFR?rANpAQl@@n@|CjS\\|@dL|INBNUn@_DV]^EZJ^`AD`BLvC?fDNpGD`@~JvWPp@PvAHxAZ?Tj@Nt@J`BVbA?vAFj@Pl@j@~@ExA@~A^lCFxAnBpNFlBAh@Kn@{B|H?LUh@CVh@l@pDlCLDN_@TGx@b@\\d@|@\\e@U[IIUOQkAc@MO?u@J]Ku@BqAC_ADaAJu@^m@QWG}A?m@rAo@zA]j@a@hBe@z@IdAJz@U`AJ`@d@z@}DVeBp@eC`GwNn@uBb@sCL{BOgJY}JO}AEkBBuBkBkY[mGmBoYIOQBaBpDSRoG~AcUzGGSH}@Ak@S_DRqAFC@e@S}CCeC_BoW]yD@]HUdAmAzD_EBKK}@Hi@r@oAr@{@~@eBdL{_@vCcMPa@x@c@vDaAlMm@lAWvAu@vLeIfBcB~AcAbBw@FLNhAl@BJj@nA`BtH~HnVdXxNrOS~@sElNcE`NoChIoF`Q}AjEkAtDaAfDiA`DwA`FeJjYShAoAbMq@nFcAbKs@~FFDlAy@^GxE`@xAXJEDSFsAv@ObGr@JX@tA[tQIjLMvF?l@F\\`BZfJf@zGbA~AHn@NJT?Xc@zE{@rHoBhTIdGS`Bc@|AGf@NpAlAfETtARtBEdJk@jHe@dJBjAn@`E?nHCxAFnBKPKBwAFWc@EmAy@K@cAGGmCOMHMt@IfFMpGDnAZdBJjABbFErEIbBi@fFWvAg@j@cAv@q@dBeBvBk@|@i@pBKlABfDCjAo@lDEzAs@hCk@`A]VQ~@ItDOd@`@p@FZDl@EpA[HkBWaAPINGt@@|@MlFIbAM|Le@^LrBYpBApBJnB`@hDz@vCNtA@lAObBWv@c@j@}@Xc@?g@Sm@w@MYScCBoBG}Cq@yEe@kGE}@@s@CKc@Aa@QaC@sE[w@N_AnAc@fAqA~AcAvBWAU_@yA_G]{@iEwB[[Ym@a@oAMkAaAeDg@}Bs@sE', 'resource_state': 2}",False,False,False,False,everyone,False,g20684238,"[51.351751, 3.283936]","[51.353096, 3.287511]",2.959,5.42,True,161.3,192.0,False,True,15.8,2.2,16435168748,16435168748,garmin_ping_467465478506,False,0,0,False,85.7,369.0,534.0,368.0,True,2869.8
2,"{'id': 54565248, 'resource_state': 1}",Namiddagloop,10380.2,3168,3168,10.0,Run,Run,0.0,15342642834,2025-08-04 15:32:35+00:00,2025-08-04T17:32:35Z,(GMT+01:00) Europe/Brussels,7200.0,,,,0,16,0,1,0,"{'id': 'a15342642834', 'summary_polyline': 'gmovHoj~ZBECIC]@s@E}@Fi@P[d@q@Z[r@kAj@o@`@m@TSDMBYBERMbA_@HK?e@Og@Ca@Ic@AWG]A[G_@Cm@OgAA_AVUv@]|A}@RUNIf@o@n@gAb@mAF_@z@iCNo@Re@d@cBJULq@Ti@Ji@Pe@l@uBVq@T_ABEb@uAFa@JUXaAb@kBb@yATmABGb@LtAr@nAv@xAr@zBvAh@IP@rB^l@RHCDAJ_@Ny@Fm@H_@@QPeALg@Zs@t@aDXu@h@]xAi@pBiA`Bq@f@[r@UtCuAHBt@vB`@bBt@`C~@lD\\`APt@?H`@pAlBpH\\d@d@ThACvAORDLPP^Zh@vBzCX~@l@tCHtAC`AI|@YvASl@@Fr@tCLhAd@|BHz@Cr@DlBPvAVlARdBJ^JTb@r@ZRDNV^r@x@h@d@r@dAJTRXRFrBy@XQ^c@Xq@Zi@fAyAN[HGPYLCFHFx@Nx@xA|E\\|@Lh@Lx@@\\Eh@ILSPHNBNGn@_@|BCb@a@dCIbA]pBQpAUjASnBI`@WtBKj@Gj@EzABv@Cd@K\\C^ENKHy@RiATaEbAoCj@IDc@j@SNm@\\w@PGJ@PNp@R|BAHD`@PvDZfEBtAHl@Hx@?n@TdEJx@T~C@`@AZF`@?XJhAL~BFf@@v@ZtBH\\Jt@FVDd@FV@HCPOZa@f@q@hAo@r@u@tASVuAvBy@bAo@jAq@~@]t@eAtAm@fAg@h@m@fAq@`A_@p@eBdCm@hAc@r@O\\EBKI?IBgA?{DAq@F_E@eDIiCAmCCc@EmCEm@MQK?KDKFGLYT_@d@OLK@WIiA}@_@Qq@i@u@a@UUWIIBa@Z_@h@_FxFQ\\CjACDc@X]Lc@DSRg@r@QPk@t@w@z@QXq@h@Yb@SNw@`A}@lAwBbCw@bAc@`@m@x@aAfA[JcC`@{@XuAPqA?}AMoA@kBJ}AZMIC]AwADyCFkAAQHqBf@aEfBsLCgAEc@GqBHeAF[RsBXeBRaBn@aHJu@LsADsA?sBCyA@[Gs@C}@[uCIg@Es@e@uDOu@[kDQ}@GeA@[C{@B]AqBCiAIMs@Q}AUu@OWKu@Mg@GOIgAQa@AGEAIEkEO_GGmDIcC?{@EaACqB', 'resource_state': 2}",False,False,False,False,everyone,False,g20684238,"[51.038442, 4.584245]","[51.038331, 4.582224]",3.277,4.36,True,171.0,192.0,False,True,9.2,5.6,16384889990,16384889990,garmin_ping_466084343536,False,0,0,False,85.7,415.0,493.0,415.0,True,1314.5
2,"{'id': 54565248, 'resource_state': 1}",Namiddagloop,18020.9,5815,5882,37.0,Run,Run,0.0,15288112854,2025-07-30 14:32:13+00:00,2025-07-30T16:32:13Z,(GMT+01:00) Europe/Brussels,7200.0,,,,0,19,2,1,0,"{'id': 'a15288112854', 'summary_polyline': 'amxvH{_cZHrARh@Bj@D?n@vAn@vBl@vDd@tE`AtD~EbTTdBTtDHRRCd@[N[fA{HlBcHh@mCJgAAkFA~AL\\L@RM\\s@nAcDp@wA`@sBNOT?\\NtAtABPCXeAjD]fB]|Be@fFIbE@nDRtEb@~DTtAn@lCr@~BtAbD`CrDjDhDxBnC|AjCz@zBx@lCt@lEv@zGn@rHGjB]vC_ArC]l@gBpA{A@IRGz@KPmDfCeCtBg@n@c@dAiBxCMn@[f@WLcCxDyA`Ee@vBQ`Dc@zDEhAAhBIRYVER@\\Vp@Jz@Bl@ArBLdAf@~@Tn@dAxGbB|Fv@xAfA`A\\d@bCvEZ`@`C`B^v@X`An@lCJjDBlHEjAa@~DmArGUz@kGvOmAlFwAvE_CvGw@dBo@r@sAdDaCvJg@jAUTUG{AqAK?CTJUB@|AjAHH@PM|@i@nAmBfKw@~HKhCC|IIbD@rBm@xQK\\kAGSNa@|@g@tB@d@Fb@Jf@ZhAI~@G`B@hAJVj@VDJ[lHKjAYhCeAfFNt@?Rq@nEWf@ETDxBOl@[dCO|@H_@F@?Pu@xDc@bB_AhF]rAY@JRbA|@jB~AdBfAxArAZG@kAJaAdAqFn@kEz@wBZgARgATaBDuA@{Cd@yCb@m@FW?qBR}AAaB^}CLSPAdGdBt@KRYHi@@oAIu@cA{B_A_BYeAK_AAeBNaDn@iDPmBBmAG{@m@}Ay@qAs@y@S}@E_BDkBAqBHsATyBSiFH}IJk@Xa@pGeDb@[Ta@JyAAmKP{B^aAh@y@r@{Ar@aDfCiFLcAGmBZ_BdAmDXUd@w@TiAFq@t@qDfAqA\\eAxA{Gt@sF|@yChAuCR_B?a@TqJMgBOu@qAeEeAsDyB}FgE}I}AwCiAkCuBcEmAiCSs@_@cBQcEFiBRuBdAuEh@i@r@Yh@mAFUFeCJ]Va@|CaCvBgAfAI|Ch@p@ONMp@kAj@mCPe@hAkA|DcDhBwBnCsFfCaExD}HO@oAdBkBoD_@_@aBF[QgE_@u@JoGc@IYUcCOe@s@sE_AkDsAmD}@mBo@aA_EaEoCaD}BoEcBkFw@iE_@uDKmCGiEL_FViEpAoHx@eC?c@K[yAqAW@OPg@rBwArDe@fAy@nAO\\QpCQhAgBzGy@|EYtAIhAW^y@VGK]qEQwAyAsGwBqII}@Sy@i@e@c@iB[m@QwAi@}Bi@wA]mBI[UQ?F', 'resource_state': 2}",False,False,False,False,everyone,False,g20684238,"[51.084499, 4.444301]","[51.084501, 4.443054]",3.099,4.36,True,176.3,189.0,False,True,13.4,2.0,16326471387,16326471387,garmin_ping_464396029507,False,0,0,False,86.4,389.5,585.0,389.0,True,2260.5
2,"{'id': 54565248, 'resource_state': 1}",Avondloop,6525.6,2231,2255,23.0,Run,Run,0.0,15265370071,2025-07-28 16:17:59+00:00,2025-07-28T18:17:59Z,(GMT+01:00) Europe/Brussels,7200.0,,,,10,11,0,1,0,"{'id': 'a15265370071', 'summary_polyline': 'wnsvHe|vUKSOi@_AmBSUUOUUKWG_A@_@r@qCBo@CKk@c@[i@[u@Um@We@Sw@We@Sc@[eA_@wBEwAGk@Ai@M}@?QE]Dg@QkACe@GUWaCIYGa@Mi@Ek@@IFIh@S^KXOt@W`@Sj@Qb@U`AU\\a@D@n@Qx@a@HA|@c@PQnAk@^Wl@WXWb@UhAQPIHGHc@I}@GWIII?qA`@]HI?MHSFMHk@TOBa@P}@VI@_Bn@QD_@Vu@TQHUF_A\\kBh@m@ZODQAECEKCIIoAKUOKIEG?gCdAYHQJc@Pg@JSJQLQBOLc@F[LeAZUJaBj@MJEFG`@d@dDFdAFf@JTD@H?|Ai@ZGl@YzAg@j@YVGvBu@v@QLGB@NKHCBEEMKoAAa@Kq@Cq@W_B?MBGHGTCFENAF@WKeAZmAh@_Cv@{@f@}Af@cATe@Ns@`@MJKLAT\\hCPhBPr@JDL?ZIb@Up@Qb@Sf@ORMZIj@WVGjAg@zAg@LG@CA@l@GFIAq@EK@IKq@I}@EKA_@UyA?KEOECM?YLM@KLQD?@G?UJSDEFa@N}Br@eAf@aBp@g@Ti@HMV?NBXRpAb@rDFNLBLAt@[v@Sj@[l@Wj@KBIRGF?LIr@ULKNCb@U\\GXA\\GL@@CACMFSBeCp@cAZq@^g@L{Ah@c@Re@NIE[JE?CF?DB@ZSLEJG\\Gl@SFED?\\QREn@]z@UhBq@TGTKXEHC`AKPJL`@LPFPDx@CZ?\\JdAVbBCh@FJh@JT?\\LhA@RFFAf@Ff@NLFPR\\NXXx@ZPLf@Dn@KRBlA?RAD@HA^BlA@b@FRAZBDDJBX\\Jb@APIRe@h@M^EAKBUXq@h@e@TQLaA^QR[v@Id@Lb@@^AD{@nAsAjCUTEJQdAi@fBE\\MXGZRv@NV^|@X`@NVG^KJ', 'resource_state': 2}",False,False,False,False,everyone,False,g20684238,"[51.059164, 3.726915]","[51.059219, 3.726686]",2.925,5.74,True,157.6,199.0,False,True,12.4,5.6,16302214310,16302214310,garmin_ping_463720927920,False,4,0,False,80.5,359.9,794.0,404.0,True,796.6
2,"{'id': 54565248, 'resource_state': 1}",Namiddagloop,5965.4,2287,2326,1.0,Run,Run,,15187324174,2025-07-21 13:31:03+00:00,2025-07-21T15:31:03Z,(GMT+01:00) Europe/Brussels,7200.0,,,,27,9,0,1,0,"{'id': 'a15187324174', 'summary_polyline': 'ofztHefuZb@CNKX_@Ha@@MCm@aAaCUg@UWME_@FGDWd@ERC^BVHZZp@JZVb@Ld@PPHBZCJGNQN[@U@MEe@cAgCQ[UWICa@FQPMb@CT@d@DRXx@|@pBHHXBFCLEPSJWF_@@UCSSm@o@qA[u@KMWE]ROTKf@CNFh@~@pBPj@JPJHJBTELGJMRo@@UAYWy@iAeCMKICG?YHMLMXEj@Bb@BPVn@`@v@^`AHHJBL?RKV]Lc@?UA[Qk@KOs@_BI[KK[EQBQHEFOd@En@BZx@fBPZTj@NNNBPEPIJQPe@@WGi@Qi@Yc@Qe@c@_AWKO?WLQ^Kb@@\\D^Xf@~@~BVRP?PITWHUHi@Gi@Sk@m@kAQm@MOMEOAQBOHMRKb@@r@DTXj@v@lBJPNJF@FATKRUHSFm@Eo@Ya@Qe@KOES[u@IGYEM@]RGLI\\?r@vArDLPNJ`@EFGLOPc@DY?[EYa@u@_AwBMMMC_@HKLSf@E^@XDTx@hBRn@HPLNLDNANIZ[L]@YAg@EUQc@_@u@c@aAMMOGIA]LSTK^Cb@BTDTdAhCVb@LLN?LEVYL[FeAEOMOSq@IGIQK[AIMYCKUQWDSJQXKb@CXBRNd@R`@j@`BLTDDPFR?NGHILULg@D[AYo@mAe@oAKQMMMEOAOBOHMPId@CXBXDTlAvCJPLHLDNAHETQJSDKBa@AWGc@uA{CIGC?CGQA?@I?SRG@MZI^@^HVXl@HZZn@FZNXTJF@TGPSLWH]@QGm@e@gAk@yAMQMI]@OFMLQ^CX?XNn@\\r@LZ?BFFRf@PVADC??FAERHZANGJMLUH_@Co@AIUa@Mc@]q@Oc@Q]IEW?SFIHGHI\\E`@Bn@b@fAFHDRh@fAHHHBLBRIPSN[DQ@g@CWyAoDMKQGQ?QHSZKh@AXDb@tAfDTXJBFAVMNOFMJ_@Be@C_@Wq@m@kAOa@GKOMSESFOJSb@ETAb@BNRr@`@t@Xp@P\\PNN@VKV_@Li@?OGa@]{@AI[k@Ma@Q]SMKAKBQJMLGR', 'resource_state': 2}",False,False,False,False,everyone,False,g20684238,"[50.766009, 4.537473]","[50.766509, 4.538906]",2.608,6.04,True,135.6,169.0,False,True,87.0,84.0,16218512974,16218512974,garmin_ping_461331956639,False,9,0,False,79.9,311.4,723.0,368.0,True,687.4
2,"{'id': 54565248, 'resource_state': 1}",Avondloop,11218.3,3468,3686,8.9,Run,Run,0.0,15157759646,2025-07-18 17:35:29+00:00,2025-07-18T19:35:29Z,(GMT+01:00) Europe/Brussels,7200.0,,,,12,7,0,1,0,"{'id': 'a15157759646', 'summary_polyline': 'apsvHgyvUGx@[pA?tAOj@D^HD@fAHXUjA?^Q^ARHTC\\|@vADPNz@JxAPh@AFVd@LLF\\^t@Nt@n@jAFZHFLl@?z@Hf@Ed@[T[j@a@FmB~@q@IkAFSVcB`@aAKSVKMc@R]@BfAAdBNfB?tBJp@EReAUSZa@Ae@KOOgAMe@d@AVdCjEnBbCzAbCn@f@~BfAPt@^r@NLRh@v@n@f@v@^`AJDJh@HNDC`AfBjAJhAf@TKp@Vr@Gn@d@LPFX^ZH~@A|@L`@lA~AzAIJStAm@|AKRStAOb@S|BM`AU|DiAd@BtAq@`AIt@_@XHRIB|@Jn@V`@N?Zt@FnAFDNzAFrAXr@^^V|@Fh@El@P~ABtBr@AVZXD`@x@RNJ`@`@\\?b@Rf@f@VZc@FD\\bBJvATjANjB?dEuBjPw@dFm@lGWfAc@jDCl@a@`CEx@Ov@I|CKJ[xAa@tCa@zDqA`K_BxLUjAu@pG]jBc@dE}A~KqBrO]`D@R_@hBy@xGKnABdATr@TTn@D\\U\\k@\\yBd@e@lCmSVmCNe@`@qDC]Ro@D}@lAkJb@eC\\uDZaBl@}EL[XsDNc@ToCb@aDNm@NqAD}@t@cFBeAEwAHgAL_@FmA\\iAAW`@wBRyBz@gGJWl@aGTu@JFHd@`@Jp@c@bAsAh@gA`@sAl@oCQ}C?_AJw@TeA^y@rBqDLkBEoAMq@Rq@A}@wBeKSq@{@kAs@aC[o@[Da@a@WBg@r@IACc@Qi@W_BOSo@sBU[a@qAOUa@[OLSSM_@E?EZYAq@q@QP]ISR_@F{@Q[@MZk@^[UUaA?MHIUUQkCWs@E@Q}@EgAHwAAa@K?AOJc@Eg@JmAC}AXeAZm@HiALe@CUDm@VyBAe@N]`@_D[sAm@gA}@}B?WYmADe@Ok@a@NuBy@UBmA[Uy@@]KYAUPy@Eg@Bg@[qB@SX]CgAKM?cBHMEm@DYE}@Me@GgBDg@LWBy@SM_A~@qAMc@\\W@KS[NqE}Dk@cAOs@Se@]m@KCWh@YxAa@HA\\IDOVM^@XYp@Gh@WXA`@QNKz@SBQRKVEn@FT[SGSUQOAIYKCg@m@Ac@^mA?g@Y[K[UI]HWg@', 'resource_state': 2}",False,False,False,False,everyone,False,g20684238,"[51.059371, 3.726448]","[51.057666, 3.725474]",3.235,6.24,False,,,False,False,13.5,4.4,16185948582,16185948582,E6A01AE3-C827-4D5B-A7E1-CF15D0A4F371-activity.fit,False,8,0,False,,,,,,
2,"{'id': 54565248, 'resource_state': 1}",Avondintervallen,6392.7,2090,2099,30.0,Run,Run,0.0,15123940208,2025-07-15 16:22:33+00:00,2025-07-15T18:22:33Z,(GMT+01:00) Europe/Brussels,7200.0,,,,2,11,0,1,0,"{'id': 'a15123940208', 'summary_polyline': 'gosvHwyvUTu@AU_@c@Yc@k@_B}@eAKq@Eg@?OJg@Pg@Ja@J}@BMBOAOKQSSMOYk@O_@q@y@EC]s@OQ[y@]aBEWSq@My@@}@Gq@?k@OkAEmBSeAWiC?cAYs@Gk@BOXOJALITGh@Yt@SRM~@_@nA[Xa@t@Sz@]f@OTM^]`A_@r@e@b@OXWb@Wf@Mj@ILGJKDMAg@K_AIEKBI@UJ]BUFk@TI@MFE?SLE?SHEAc@ROBa@TYJ]BSLSDQJk@Rk@VE?uAh@{Af@UB]HsAl@MGIUCcAKc@MKOAc@HeAd@SD[NI@_A`@CA[NEAGD]H_@Pi@NgBr@QJEAQJ_AXUXEN?VXzBTdCBLJPLBLCjAa@`@UbA[|Ao@^K~CmAN?RGPBLEFSA_@OcAIeAQiAK}AGKC?y@ZqAd@{@f@g@Hm@Vq@Rg@R_@H{@`@_@Ha@XSFC@CJ@h@P`ARlBBx@BPDLJFJANGVCp@Qr@YNCnAm@jBo@VGn@Yv@Q^Od@En@Ot@[^KhAm@\\GTMPCh@W`@G\\a@TIPAPKB@j@[NCt@[NOXSj@Uj@_@t@YZYVMNGv@OXCRUFUMuAIQOAm@RyAVSH[TWHu@Vu@XgAZQJ[H]R{@XoAf@c@JiA^mAf@SDG@OKCIAeAMc@MOKCO@aC`A]Fe@PC?cA`@s@RGD}@^u@Nq@XC?MJMRg@RMBG?MHEL@X^pCHhANx@FNHBZEf@SFGd@QRGNKNEPC`@Sj@M`@S\\KRK|@Wb@UZGT?RGXCH@JFJNDVAP[x@OVCL\\ENBXTDJDx@Jx@Nl@Af@@^PnAH~APxBLx@Pv@ZfAfArBZ~@LTVbAR\\PPBFLNNHFN?JCRm@rBIr@?z@D\\P`@^Zf@l@rAhC', 'resource_state': 2}",False,False,False,False,everyone,False,g20684238,"[51.059245, 3.726522]","[51.0591, 3.726967]",3.059,5.42,True,161.1,188.0,False,True,10.0,2.8,16148954374,16148954374,garmin_ping_459365266856,False,1,0,False,84.0,383.7,632.0,393.0,True,802.1
2,"{'id': 54565248, 'resource_state': 1}",Namiddagloop,20028.4,7792,7792,179.0,Run,Run,,15101473805,2025-07-13 12:30:14+00:00,2025-07-13T14:30:14Z,(GMT+01:00) Europe/Brussels,7200.0,,,,16,15,0,2,0,"{'id': 'a15101473805', 'summary_polyline': 'sp`uHsjlZg@y@q@_CkAeD}Ls[yAoEo@oAeAwCmAuD]s@mCkH_B{EyDiKyAsEiFeNq@}BkB_FuBeG_DgLYsAu@qCsAmEgDqMiA}Dm@cBa@mB[y@gLsMqEyFyIsJiAcBkAkAeAqAWg@_CiC[GYPk@bA]CkBaAuIyDs@e@sEoBs@gA}A_DsC{EsCsF}A_CqF_KQOQD}@hAO?w@{By@oA_EgE}BaDi@mAOw@DyEKmBWwAiA}DqC{Fg@g@e@YcAMu@Ju@\\o@z@Il@Sb@AjAP~B\\jCJxDOxCu@tFI|BIn@MdGBXAvCHfA?rBLrDl@tIRxAXfAvD`KXjAjBtElC|HXn@TVbAjC~@lCl@|BPXhCzHf@fAp@~BxAlD^xAfArCrApHfAhH|@zEJJVJvAu@x@wBxASf@SbB_CHw@AUWm@sBiD_@e@kA}BmCkEsAuC]oAw@iBcE}L]q@mAsDk@mAOm@iBwEQs@k@mAm@eBaA_D_CeGgAmD_@w@a@wABc@Vc@He@@c@Ge@O]c@W_AaAiAeCu@yBkA{GQ}DBk@ROd@Vv@F\\CJMXiAIg@[w@Fg@j@}@JCvAmE|@_Ad@Sx@?\\Pf@t@d@zAn@r@v@hA`D~CxAdB|@jBV~ADn@jFpIl@tAdCpExArB`B`DzDrGdChAjFjCnBnAxAp@XE~@oClCbAVTPGT_@VQL?NPzC`Fr@xBJfBPjAb@`AlApDNp@d@vErAdBh@f@j@v@hDrDhApBRpAb@b@hARdBDjBMfGqClGuDl@IhAd@zDi@dCaAr@AVBn@^rCxEp@z@x@p@h@ZbBn@~@t@~Dt@^JJNDRIb@g@t@Bj@V|AYzDG`CF|@d@dA^bB?z@IRSPqATqDEe@h@Ox@?XJr@Tp@pExKfCbKj@dBZvA`AzC^~AV`BPxBvAtG~@bHRdEO~GMzAo@hCkB~Ds@|Bc@nBChCDr@Ld@RX|@Z@VOf@q@r@sB^a@X[r@aApEy@~AoCdCoBnBoBzA}@rAaBxAcApAoDtDkBdCeAbA_@t@YVOZDPGAGPHZfCfG`AzCnBtEvExLn@rBHLTDpDoAvEwAvFyB|DoApBu@nQIhBbIbBfHXFt@St@@jCl@dA|@jAtBZATc@Pw@VeGN{AAmAQgBUsEc@{@mAiBWy@k@aDq@w@]k@w@qC_@e@aCiGcAgBsA{Ci@wAe@kC@c@L?v@pB', 'resource_state': 2}",False,False,False,False,everyone,False,g20684238,"[50.798344, 4.492102]","[50.79812, 4.491709]",2.57,3.58,True,148.8,176.0,False,True,127.4,58.0,16124317453,16124317453,garmin_ping_458648220551,False,5,0,False,81.9,329.7,537.0,333.0,True,2569.5
2,"{'id': 54565248, 'resource_state': 1}",Ochtendloop,8282.7,3054,3568,86.0,Run,Run,,15042932595,2025-07-08 06:38:20+00:00,2025-07-08T07:38:20Z,(GMT+00:00) Atlantic/Madeira,3600.0,,,,0,6,0,2,0,"{'id': 'a15042932595', 'summary_polyline': 'sjefE`qkfBU]Y[GOEY@s@BSAiDD}@A[EUSu@q@}@I]QEMQUo@G[Qc@CS?}@KeAGc@B}AIq@UwACmADaAXmAFMHi@FqAEmB?o@Ds@EWKWKm@IQ@YE]Oa@@qBMaAYaAEUMa@Ia@e@uA[k@_A_Dk@_BQ}@_@cAi@aB[w@Ic@_@iAKa@KWUWUKk@G{@Wy@Du@@_@FeAF_@EUGAE}BwAUQMYUiBQ}@@QBKHI\\SLMh@a@N]Dq@@[Jo@BYFMN}@LqAVuA?OLw@DMLcCFyBFMPEHGJY?QCIGK_Aw@OSo@mBUy@Q_@u@kCm@sAOWAKH]Ae@Qi@a@}@o@}@a@WMAi@RMAGC_AgAOW_@_@kAaBi@o@e@aA[g@Me@IIIOBWAM_@kAMoAOs@OmAOc@E[IcAGc@@q@KoAGe@Ao@GY?c@GoAA}A@Y?sABe@CqCBoACgB@O?_ACo@B_BScCFTHR@JCnDBb@AtADnCAV@VCb@@pBCj@Bt@AjBB|AL|@?d@FhAPxBBj@ADJz@Px@@VHZH`AJd@Bb@T~@L^@XHh@Tt@zA~BHFHNr@x@pBfCh@j@j@t@\\t@h@n@V^p@r@Zb@LXT|@Z|@r@~BTh@`@tANTNHh@`@FZ@JGPWNGNItA?j@CnAUbAW~BWjAMhAS`ACb@ET?R@FW|@}AlAGLBXLj@Fh@DLHv@FNHJ|@h@PNZTPPLFRF^DRCN@`AI^@\\EdAETDXJVDn@TFHPZPf@DVl@hBHb@BBTx@b@dAr@zBPx@P`@^rARf@@LPPl@fBX`APx@LXB`@BLBl@?j@Ct@V`ANVHB^Hr@ZHH|@ZTLp@RLHf@PTLRPDHRrAXvABp@DLBTEl@]|AEn@Az@AHIHODICMOSIC@a@f@I@GFGh@W^Fj@AJKVANJhA?LLzAVvBD^^fAL`A?`@JbAP|@Hf@@TBLFDC^KT', 'resource_state': 2}",False,False,False,False,everyone,False,g20684238,"[32.636747, -16.939844]","[32.636318, -16.93903]",2.712,3.66,True,138.2,183.0,False,True,66.8,15.4,16060253180,16060253180,garmin_ping_456889408411,False,0,0,False,83.9,346.3,554.0,345.0,True,1057.5
2,"{'id': 54565248, 'resource_state': 1}",Namiddagloop,17036.9,5460,5467,173.0,Run,Run,,14995907438,2025-07-03 14:52:06+00:00,2025-07-03T16:52:06Z,(GMT+01:00) Europe/Brussels,7200.0,,,,3,11,0,2,0,"{'id': 'a14995907438', 'summary_polyline': 'ab|tHu}sZg@o@Yo@EAI\\[RGJkAtFEBmAsAeAeAqBgEM_Bm@mCQuA}@gF]_B]yBGEcAJuBMa@@o@NSIa@@KWQwA_@uFKi@QOYByAv@u@PoAt@{B~CQdAGJg@?m@Q{HiCcA@}@^mCbCUFSIW`@gB~@iG`Ac@X{A~A{BbBeDjAcE]gA?cC_@_DKwCYwAI}ADyA_AaA}@kBHiAQk@V_@b@y@hBALm@hASp@uAzB_@t@iA`Ak@P{@l@qCtAKLiBfAo@Xe@DgBdCeAlB}@jBoBdAi@h@}@j@cC|@{@t@eChA{@h@u@N}BzA{@XoBlA}BhAqA|@_A`@{BxAuC|A_@HmBlAsE|BkBpAK@OKmB_CaEwE_B_BeAmAuCwDqEcFg@w@cBqBw@q@qEqFUASVG?_@t@cApAg@z@Uj@IDeBWmBA}GWqMs@{IS{He@kFOe@Ea@c@YJUb@Qp@m@l@g@Fm@\\S@MO{@_Ci@iBuAmDaA{CmAqCE[DSXQzDe@h@?ZZXq@EAGP@NVBbCiCfAsBTWbEs@fB}@tAkBlBqBb@s@@OGUw@iAUm@Be@l@aAZa@JE^FhAXb@EVOn@q@~@mAfBcBrAaB`BkDJ?JNH^~A`Eb@rAVBd@Y|FgG`EsC~@_@~D}BZa@VM`AKzDgBpBsApCaCjAg@@MGWgAwCu@gCu@}CcAwC]m@@U|@cA|BcBf@s@xB}BJSrBcBf@m@@MQaA?Kr@YdCyAvAg@tBcAnBgABKI}@bBh@t@FdKhBpDt@vCTrAUpAo@`FiEnAw@vC}@jB]tDg@l@AfBXhAr@`BrBt@n@hBtBhAfAjDbAdFnEL?^}@r@aAp@o@`Ao@lAIhBVv@Od@m@rB}DVaBLqB{@yE_@qDF{@p@cB\\[`DcBlEaAt@AXUrAYrJkF|B{CvBeBx@]vEoAbAq@d@g@Zi@|DaIx@qB`@cBPwBBiAJOn@r@v@nA`@`Ab@`BVfER^b@@l@[TAb@BZNh@r@pBpF`A~Ar@l@dB`At@j@rA~AZDbAo@JF^t@n@zBl@pAbExJvBxFd@`AjCzGlAfCdArCbDdIbCbFxDdKlD`IlChHpA|CNv@LJJKHB`@`AJh@JtC`AdETh@Iv@BZdAbDBnAb@lBKTQF_BIUHUV', 'resource_state': 2}",False,False,False,False,everyone,False,g20684238,"[50.775538, 4.531]","[50.771953, 4.536792]",3.12,4.3,True,163.4,183.0,False,True,114.8,50.2,16008240238,16008240238,garmin_ping_455353780045,False,1,0,False,83.8,401.1,590.0,404.0,True,2189.7
2,"{'id': 54565248, 'resource_state': 1}",Avondloop,12054.2,3596,3596,9.0,Run,Run,,14903915309,2025-06-24 17:35:27+00:00,2025-06-24T19:35:27Z,(GMT+01:00) Europe/Brussels,7200.0,,,,8,11,0,1,0,"{'id': 'a14903915309', 'summary_polyline': 'gmovHgj~ZCA?GEwC@OHa@|AyBj@q@x@sA^c@FMBUDKbA_@RUD?JDLZd@fCPdBDnBDx@XlCN`AJhAFrDAt@@nAAZ@`@AX@hBB`@JpFFhBBVHtD@rDDnDArA@b@AhABXCd@Bn@Fz@\\dCn@vFf@`EVzAHzADdCAjDEdAe@rEEx@[tBe@bEGd@M`@Kl@QrAAbAH~B?^Bf@Af@S~AWxAEd@UfAUzBa@bCSnBCbAKlHF~DFnBNlBXnCJlATlARlBPdCAf@Bd@SxBGrACfB@ZKrEBjB^bMHx@JpBNjAV|CAHVtDDhBD`@ZrGNx@^nC`AfF^jDd@dDTxCHd@T~CDPBDN?l@a@hAm@xAg@TQ|GuCTEnAm@p@Qd@Wb@Mj@a@r@y@bA[VKHIVa@bA}BDEd@gAp@uAvByEn@mAH]Pc@fAgCv@{AVs@l@kAjAiCNU`A_APWb@a@lAyAlBkB`@[R[^]LShAg@RFPEXMHI?a@_@qAQWg@WaBe@s@c@WGo@_@k@O_Aa@i@QuCk@WAwCe@GGc@AKGIMEQs@aBMq@Ea@AsAIgASaHBu@DGdA{AP[NQJWXg@NONYDEnAmB|AmCN]f@u@tC_F^i@Vw@^o@F[FiDAmCBqBAy@Bi@CyABgAAcAKqBAsAE]@o@Ey@A{BKg@aAqDSgA[mA]qBOe@Iy@GqGM_FEi@@eBAeCBgAAm@OsBQsBOeA[cBEm@?{@RqAJsAj@eEb@qAz@sBFQA_@EOU[@YN_A\\uA@m@Jk@LqAJs@DuBASJmAH_BAc@BSHMNIbAIJIPa@b@yAj@oCRm@Fa@f@_CBc@HsECwBDc@FOLQZOfA_@TOVEh@S^YTIJS@SYgEAm@?}ABeADs@d@uCJa@hA{BVoAPo@Ju@?eAc@oCOq@_@oAUc@iA_B_@k@We@IYY_@OCiBTm@?g@Q[_@M?mB`@eC~@sA`@_BTeA^aAPsBdAaA`@KDSAyCw@KUUy@]Yi@o@OIOQU_@i@eAg@aBOYs@Ou@IaAWu@BcA]aC}AwC}Ak@a@OAEJIh@Sl@_@xAcAxCo@~BWv@Ib@e@tAYnAUl@K^CFa@nAiAdEKTi@jBINKd@a@hAa@r@}@dAmA`AqBv@KFIN?HJT?HHhBPpAF~@PdAPp@?TEHSNiAl@E\\IPuAxAS^[b@[p@OV', 'resource_state': 2}",False,False,False,False,everyone,False,g20684238,"[51.038446, 4.584203]","[51.038168, 4.585509]",3.352,4.62,True,174.7,190.0,False,True,9.4,5.4,15907446952,15907446952,garmin_ping_452406383636,False,7,0,False,84.2,413.4,546.0,414.0,True,1486.4
2,"{'id': 54565248, 'resource_state': 1}",Ochtendloop,7011.1,2229,2229,21.0,Run,Run,,14856793718,2025-06-20 05:36:45+00:00,2025-06-20T07:36:45Z,(GMT+01:00) Europe/Brussels,7200.0,,,,0,8,0,1,0,"{'id': 'a14856793718', 'summary_polyline': 'mqsvHqtwUBACA?ONa@Zc@\\Mv@q@RGXGb@]~@]l@Ql@[\\Y`@Ip@g@NO\\i@FGXEHKj@kCf@aANUJc@?YGk@Ey@MsA?SHU\\GLGJ@@BBR?`@HnCJRHFLDP?p@STM~@WPKlAe@~Aa@dB]XOh@FLEP?x@UXY^UrAsAj@w@`@a@n@c@TIl@a@hAm@xAgAh@]`@[RWf@a@TKVSJEJ?D@RRVf@HFJ@JCr@g@RGJAb@SvBe@RIJ?v@O^AVGj@I\\@jAMd@AHBv@Ix@@hAKZA`@G`@ATED@NGv@{@P_@Ne@\\[n@aA\\[NU\\y@@GFMZcAZy@R_@^eALMNCH?NHZ`@HVXhBZpAHTJD@JP^X^XJNBJGN]HKTOVILKXMZADCJULGHDNPLb@f@hAt@fCFLTXRFx@F^Ez@CNCV?p@HXR\\j@Nf@@Z?jAIl@YnA[r@Qv@?hAJZP^D\\b@lE@d@Hf@v@fBd@~@T^RRLHTHj@Nz@LZ?NBl@PDAv@BD@NAJBV@FDTXLRDN@RIV[`@OZs@|@YVQXq@z@cA~@Y`@s@r@k@b@[^c@Zc@b@gA|@OPIDIEMBULYHYFWPE@gAj@MJGJQh@IHIDk@DWEE@WCSSIG[Am@U]Ec@Hc@Rc@F}@ZK@KMWqASQIASJg@Dq@NQ?m@NG?q@RIGIYQeA@c@KUMOEWEo@Kq@Cc@KoAIg@Ce@UgBI[I_AOu@SUEUKOEAK@s@\\_B~@I@c@VeA`@QPo@b@QBI?QGKOKc@OCYJm@\\a@Pk@^IAIWGi@@KCKOYS_Ay@uBi@oB[{AQc@Gk@Sy@o@iCk@uBS{AMo@GOMCIRWVWHWZa@X_Av@i@`@m@l@E@mAfAYR_Ad@Ud@IDq@JwAZOHYHe@XMBYRw@|@OXe@b@KDg@L_@Py@Te@@{ARk@LUCc@HEAEGSi@KGK@OFMBWHSPgBz@SNOVm@r@WPa@Nm@b@c@t@qAhAI@u@b@cA`@YXINKj@AVDp@AVSf@', 'resource_state': 2}",False,False,False,False,everyone,False,g20684238,"[51.059593, 3.730815]","[51.058465, 3.730268]",3.145,5.16,True,163.4,190.0,False,True,11.2,5.8,15856221606,15856221606,garmin_ping_450917630475,False,0,0,False,85.4,393.0,553.0,394.0,True,875.5
2,"{'id': 54565248, 'resource_state': 1}",Avondloop,6038.7,2305,2305,20.0,Run,Run,,14829884890,2025-06-17 16:33:46+00:00,2025-06-17T18:33:46Z,(GMT+01:00) Europe/Brussels,7200.0,,,,0,8,0,2,0,"{'id': 'a14829884890', 'summary_polyline': 'gnsvHa{vUMYB?EOc@_AOe@Uc@UYES?Oj@}B\\iANw@l@eAXo@dAuATe@DOAUOg@@Qr@{AXS~@a@`@WNOPGDIVSV[He@TYROFOLGZE@A@MDE?Id@[RGLMf@SNMZOXQREDGVKD?NIv@UN@HDTj@F@FEJ?\\HR?`ASj@IL?xAc@J?j@QRILKnB{B`@WVKB@v@_@^KT?PEXAHCTANWL[^Mv@e@l@i@LOj@g@JOFEPQDADIp@i@n@_@HM`@_@p@g@HM@[Kq@Yu@@ONQRKb@[t@]^WhAWPA^K\\?PED@VGp@Cx@MR?`@ID@\\ED@PEj@?^GB@nBOB@HCBBVABAJAHIJEf@GFEDBJELK^Q\\WTa@fAoAR]ROJQNWXy@FK^mAj@kAXw@JSLIHELDd@f@dAhFFJHDDPJNZ\\TH^@LJPDFHF\\FPJH\\FLFNPTFDJ?LIz@FP|@VhAFRD|@HX?ZFZPJNNd@Hl@LX`Ap@RDL@ZJBAHUT_BEcAQ}@Wc@QSWKy@EwAJm@@e@GMEUYUe@m@}BKQM_@OQQMc@K[Bg@XIBIJc@PS`@MHW?OGa@]MKc@aABMCOK]Mw@Oe@Ie@GQW]QQW@KHc@~@Oj@k@tAG^O\\KJKRQ`@c@j@KDUf@{@rAe@\\c@VQFWRMDYDUCSDSASFoAHMD}@@SFa@DgBHq@HO?_@Fo@DOFw@Hy@TU@m@Xu@f@E@MJa@TEJAf@\\xBCN]Vk@Nu@z@_@^UJUTMDSLkAlAe@^WNm@TMPM\\KJQFY@gAPSFQLmA`@w@n@i@l@_@h@KHKFa@F[PI?oAXKFc@@}AT]CGDUBEES_@OEM?[JOJk@NOJ]LKHKDYXULKNi@d@QT{AhAOFST]Rw@x@UHUNkAh@KHg@`AER@d@Hb@G`@q@jAY\\', 'resource_state': 2}",False,False,False,False,everyone,False,g20684238,"[51.05908, 3.726736]","[51.058761, 3.729869]",2.62,3.74,True,136.1,150.0,False,True,11.8,5.4,15827150107,15827150107,garmin_ping_450077188230,False,0,0,False,81.8,328.9,425.0,329.0,True,757.8
2,"{'id': 54565248, 'resource_state': 1}",Namiddagloop,6177.9,1994,1994,8.0,Run,Run,,14796855835,2025-06-14 13:16:28+00:00,2025-06-14T15:16:28Z,(GMT+01:00) Europe/Brussels,7200.0,,,,2,9,0,2,0,"{'id': 'a14796855835', 'summary_polyline': 'cmovH_j~ZFxDZ`NJxHN~EBnCBt@HHHDR@LF^@XJfAPDBR@b@NpB\\LFnARDN@j@CvFBRHHTIx@s@j@a@`@U`@a@hAu@PQlA_A`Ak@fAw@HEb@]dAs@z@u@v@e@x@m@HCVSr@e@x@q@`Ak@l@e@h@Wp@e@n@YnAw@LQV}@lAeCDCNCNGj@K^Oj@K^QF?b@IVOv@U^GTA^GN?TG^CZOdBMPIT@TIf@ENE`@CTGN?b@Mh@GV?JCBERe@l@}Bb@uBTy@j@sCH_ADoHF_@DQLM\\KRMn@W|@[ROt@YJGDQC{@WgFBcDR{AVwAVs@x@_BRw@XcBFy@CwAUkBQ_Ai@qAUa@SUIScAqAc@}@QSKEk@CUD[?gAFYGSMUQI?mEdAsBp@}AVqCv@aA`@sAp@_@VKDM?QEYMaA[a@GUQGOK_@MYOO[UQSMK]i@q@uAi@kBOMi@M_@G{A[s@FYCs@g@YMy@i@MKy@c@SQYQ]Iu@a@YW[OIACFY`Bc@vAi@nA[jAYp@ID[Ae@KIEgAWq@c@c@c@eAyAg@e@]c@YMOAUBIFOTGTCXGtFQdDIvBc@tFIvA@r@GXAr@Gh@Qx@AZWx@S^YZWRIHELXzBNn@?x@Bl@n@rFHVFj@KPIFu@XYR?VCN[XiAxAwAvB]`@INITGf@HzC', 'resource_state': 2}",False,False,False,False,everyone,False,g20684238,"[51.038421, 4.584167]","[51.038429, 4.584207]",3.098,4.32,True,161.5,183.0,False,True,9.2,5.0,15791379646,15791379646,garmin_ping_449038194309,False,0,0,False,85.7,384.0,521.0,382.0,True,765.7
2,"{'id': 54565248, 'resource_state': 1}",Namiddagloop,6743.9,2141,2196,18.0,Run,Run,0.0,14777506856,2025-06-12 14:26:34+00:00,2025-06-12T16:26:34Z,(GMT+01:00) Europe/Brussels,7200.0,,,,5,8,2,1,0,"{'id': 'a14777506856', 'summary_polyline': 'gnsvHu{vUEKi@o@[u@k@_BUOQSIIGQGsAHc@Rm@Hc@Fg@FWBYCI[YU_@_AqBg@y@KYYi@i@wBEc@Q}@Eu@K}@EiBI_ACKG{@a@mCUuBEo@SiAOQYBKFG?w@Xs@PwA`@g@Ta@BSHOBo@\\O@kAh@UF]PK@E?IKYqCS_BMm@?SFOrCiAHI^Oh@MvAc@ZO^Ir@YJ?TMp@UTMD?PGHJBNJzAXhCNv@Ab@EHOLKAWDc@Lm@Xo@FUJi@J[LsAb@}@`@]F}At@M?OMCIEWM_Bc@cDBWRU\\QZAJCRIXIr@[l@OjAk@REhBm@TEp@]b@MPKLFHPFx@L~@Bj@Jv@Bh@Fd@APEJ?FWRWDeAZm@LUBYHw@\\eBf@u@\\yAd@ED]FOIGSI{@Ks@QeBMs@Aa@DG^Wh@KfBk@fAe@xBu@t@[|@U~@c@L?FBBDDP@`@P`B@`@XfBBVAXKPSPOBWCSFY@QJG?YLk@Hu@\\cA\\]F[PwAd@KHWDCDUHOBG?ECEI{@gH@UPSJGj@QTKn@Ml@SDCF?^Uv@YPMbAYPKh@CNIdAWb@YL@HLFxALz@HdARlA@\\ERQPMDs@DgA\\E@EACFECOFSDMJK@c@Te@J_@PaBh@i@VYHI?WJOAMOCIU_Ca@uC@URWJITGTAVIp@[f@QXGn@URExCkA^ITMD?JIh@QRCHFDPJlBHz@ZhBBXEVKNKHcANQFIHG@CIBCTIB@^KP?VED@FCHBNLTd@F\\@h@Fb@DJJzALt@J`AFRHJTHP?RFV@`@JbAFx@RRFRPHBVP@FHFjA^L@ZEr@Eh@@RBNA`@H\\GbB@P?\\Jb@DPFHJXjAIVa@^S`@w@t@SPcAl@i@R_@Zg@dAAPFr@E\\c@v@WXKRWn@QXQj@Yd@Sh@Uv@GLk@zBCPHThBvD', 'resource_state': 2}",False,False,False,False,everyone,False,g20684238,"[51.059089, 3.726836]","[51.059073, 3.72689]",3.15,4.92,True,170.6,191.0,False,True,10.8,4.8,15770438166,15770438166,garmin_ping_448406188148,False,2,0,False,84.0,397.8,619.0,420.0,True,846.3
